{"lr_c99f": 1e-06, "loss_c99f": 9.539039611816406, "dice_c99f": 0.562816321849823, "_timestamp": 1724342095.721663, "_runtime": 1406.6592950820923, "_step": 116, "lr_4b95": 5.12e-07, "loss_4b95": 1.0959495306015015, "dice_4b95": 0.6476488709449768, "Mega Dice Score": 0.6447386145591736, "Mega Dice Score (aug)": 0.5283042192459106, "Round": 31, "lr_9d07": 5.12e-07, "loss_9d07": 1.1589525938034058, "dice_9d07": 0.6457562446594238, "lr_f8c5": 1e-06, "loss_f8c5": 2.15152645111084, "dice_f8c5": 0.6678838133811951, "lr_f801": 6.4e-07, "loss_f801": 1.1744191646575928, "dice_f801": 0.6356551647186279}